{"train accuracy": 0.3333333333333333, "_timestamp": 1660430861, "_runtime": 2539, "_step": 139, "validation accuracy": 0.3333333333333333, "train error": Infinity, "validation error": 11.538080215454102, "_wandb": {"runtime": 2536}}