{"train accuracy": 0.4666666666666666, "_timestamp": 1660517895, "_runtime": 4261, "_step": 259, "validation accuracy": 0.0, "train error": 1.0104645848274232, "validation error": 1.159839153289795, "_wandb": {"runtime": 4260}}