{"train accuracy": 0.3333333333333333, "_timestamp": 1660418695, "_runtime": 3224, "_step": 229, "validation accuracy": 0.0, "train error": 0.87138663467608, "validation error": Infinity, "_wandb": {"runtime": 3217}}