{"train accuracy": 0.4583333333333333, "_timestamp": 1660424371, "_runtime": 4928, "_step": 139, "validation accuracy": 0.3333333333333333, "train error": Infinity, "validation error": 11.337879180908203, "_wandb": {"runtime": 4921}}