{"train accuracy": 0.3333333333333333, "_timestamp": 1660470152, "_runtime": 4067, "_step": 209, "validation accuracy": 0.3333333333333333, "train error": Infinity, "validation error": Infinity, "_wandb": {"runtime": 4065}}