{"train accuracy": 0.3333333333333333, "_timestamp": 1660415453, "_runtime": 3352, "_step": 229, "validation accuracy": 1.0, "train error": 0.5796355338473069, "validation error": 0.40077103674411774, "_wandb": {"runtime": 3349}}