{"train accuracy": 0.6805555555555555, "_timestamp": 1660475987, "_runtime": 5824, "_step": 389, "validation accuracy": 0.0, "train error": 0.7633041024208069, "validation error": 1.1788788437843323, "_wandb": {"runtime": 5822}}