{"train accuracy": 0.6333333333333333, "_timestamp": 1660450734, "_runtime": 6294, "_step": 459, "validation accuracy": 0.0, "train error": 0.5746990622658479, "validation error": 1.643160065015157, "_wandb": {"runtime": 6291}}